[
  {
    "id": "dcea0aae-3ef6-4494-b42b-ed336cc3be9f",
    "data": [
      {
        "text": "Si",
        "userDefined": false
      }
    ],
    "isTemplate": false,
    "count": 0,
    "lang": "es",
    "updated": 0
  },
  {
    "id": "21167493-1b74-4ddd-a297-0aba3d89a1b8",
    "data": [
      {
        "text": "Arepa que suda",
        "userDefined": false
      }
    ],
    "isTemplate": false,
    "count": 0,
    "lang": "es",
    "updated": 0
  },
  {
    "id": "8f6e4558-b314-41f7-b46e-e52abfab1804",
    "data": [
      {
        "text": "Arepa",
        "userDefined": false
      }
    ],
    "isTemplate": false,
    "count": 0,
    "lang": "es",
    "updated": 0
  }
]