[
  {
    "id": "fb63af18-13a1-42aa-a0a6-20cdbefc6b60",
    "data": [
      {
        "text": "si",
        "userDefined": false
      }
    ],
    "isTemplate": false,
    "count": 0,
    "lang": "es",
    "updated": 0
  },
  {
    "id": "61ee7a95-d475-4050-982d-af4d9dfe0152",
    "data": [
      {
        "text": "Seca",
        "userDefined": false
      }
    ],
    "isTemplate": false,
    "count": 0,
    "lang": "es",
    "updated": 0
  },
  {
    "id": "f2bc0e64-213e-4f79-859f-1666cd624bba",
    "data": [
      {
        "text": "Sed",
        "userDefined": false
      }
    ],
    "isTemplate": false,
    "count": 0,
    "lang": "es",
    "updated": 0
  },
  {
    "id": "f39fda17-eaa8-4b86-8978-f3d32599e6a5",
    "data": [
      {
        "text": "Beber",
        "userDefined": false
      }
    ],
    "isTemplate": false,
    "count": 0,
    "lang": "es",
    "updated": 0
  },
  {
    "id": "e2384fc3-3974-4d82-b26b-c602dd600122",
    "data": [
      {
        "text": "Tomar",
        "userDefined": false
      }
    ],
    "isTemplate": false,
    "count": 0,
    "lang": "es",
    "updated": 0
  },
  {
    "id": "2f6baad5-6bdd-4ff2-b893-3ca2bcc2c787",
    "data": [
      {
        "text": "Bebidas",
        "userDefined": false
      },
      {
        "text": " uffff",
        "userDefined": false
      }
    ],
    "isTemplate": false,
    "count": 0,
    "lang": "es",
    "updated": 0
  },
  {
    "id": "b0b85a4f-05d3-47a3-9af8-0c6b5d6667c1",
    "data": [
      {
        "text": "Bebidas",
        "userDefined": false
      }
    ],
    "isTemplate": false,
    "count": 0,
    "lang": "es",
    "updated": 0
  }
]