[
  {
    "id": "84b4d769-0819-4bfb-a543-1d0babd63158",
    "data": [
      {
        "text": "Quiero ",
        "userDefined": false
      },
      {
        "text": "un",
        "userDefined": false
      },
      {
        "text": " combo",
        "userDefined": false
      }
    ],
    "isTemplate": false,
    "count": 1,
    "lang": "es",
    "updated": 0
  },
  {
    "id": "5beadebc-4084-4380-8c1c-ccf679a36fd5",
    "data": [
      {
        "text": "Combotes",
        "userDefined": false
      }
    ],
    "isTemplate": false,
    "count": 0,
    "lang": "es",
    "updated": 0
  },
  {
    "id": "ef3a3ddc-566a-410d-89ef-ab2c215e0355",
    "data": [
      {
        "text": "Mamalones",
        "userDefined": false
      }
    ],
    "isTemplate": false,
    "count": 0,
    "lang": "es",
    "updated": 0
  },
  {
    "id": "42e27675-3d57-4354-9ffc-e350c60142e5",
    "data": [
      {
        "text": "Combos",
        "userDefined": false
      }
    ],
    "isTemplate": false,
    "count": 0,
    "lang": "es",
    "updated": 0
  }
]