[
  {
    "id": "03afbad6-3f72-4e79-bda9-6a3ef95940ee",
    "data": [
      {
        "text": "tientas",
        "userDefined": false
      }
    ],
    "isTemplate": false,
    "count": 0,
    "lang": "es",
    "updated": 0
  },
  {
    "id": "f225a2ef-3b19-4ca5-9a12-35da56e36456",
    "data": [
      {
        "text": "Hambre",
        "userDefined": false
      }
    ],
    "isTemplate": false,
    "count": 0,
    "lang": "es",
    "updated": 0
  },
  {
    "id": "86918a2d-567b-4791-835a-e77cb7068c12",
    "data": [
      {
        "text": "Comida",
        "userDefined": false
      }
    ],
    "isTemplate": false,
    "count": 0,
    "lang": "es",
    "updated": 0
  },
  {
    "id": "8a523f56-8d2a-49f7-98ba-77134a94e4c7",
    "data": [
      {
        "text": "Comida bb",
        "userDefined": false
      }
    ],
    "isTemplate": false,
    "count": 0,
    "lang": "es",
    "updated": 0
  }
]