[
  {
    "id": "c82480f1-9137-435a-a211-9598fc06c506",
    "data": [
      {
        "text": "ey ey",
        "userDefined": false
      },
      {
        "text": " webon",
        "userDefined": false
      }
    ],
    "isTemplate": false,
    "count": 0,
    "lang": "es",
    "updated": 0
  },
  {
    "id": "92754c08-d2a0-47d2-b57f-b4a9b8566b44",
    "data": [
      {
        "text": "Agente",
        "userDefined": false
      }
    ],
    "isTemplate": false,
    "count": 0,
    "lang": "es",
    "updated": 0
  },
  {
    "id": "d8c2d1fe-9606-455a-972c-eb5271416354",
    "data": [
      {
        "text": "Que hizo cabo",
        "userDefined": false
      }
    ],
    "isTemplate": false,
    "count": 0,
    "lang": "es",
    "updated": 0
  },
  {
    "id": "a0aa96ed-f94b-4040-961a-7510f9173276",
    "data": [
      {
        "text": "Como esta",
        "userDefined": false
      }
    ],
    "isTemplate": false,
    "count": 0,
    "lang": "es",
    "updated": 0
  },
  {
    "id": "a471125a-4afe-49ab-a84d-a8739730d9db",
    "data": [
      {
        "text": "Que hizo",
        "userDefined": false
      }
    ],
    "isTemplate": false,
    "count": 0,
    "lang": "es",
    "updated": 0
  },
  {
    "id": "0b0dea98-3013-4a25-90f5-f15bb1895faf",
    "data": [
      {
        "text": "hola",
        "userDefined": false
      }
    ],
    "isTemplate": false,
    "count": 1,
    "lang": "es",
    "updated": 0
  },
  {
    "id": "b1b23152-b86b-48b8-9ef4-5935dbc602e5",
    "data": [
      {
        "text": "hey",
        "userDefined": false
      }
    ],
    "isTemplate": false,
    "count": 0,
    "lang": "es",
    "updated": 0
  },
  {
    "id": "c9e99e99-428b-4ad8-b11f-030f48d4f8d5",
    "data": [
      {
        "text": "saludos",
        "userDefined": false
      }
    ],
    "isTemplate": false,
    "count": 0,
    "lang": "es",
    "updated": 0
  },
  {
    "id": "88eb0c35-5216-4c79-9343-c4a0d44bf848",
    "data": [
      {
        "text": "hey ho",
        "userDefined": false
      }
    ],
    "isTemplate": false,
    "count": 0,
    "lang": "es",
    "updated": 0
  },
  {
    "id": "2a71ba05-aa52-49d8-a4c3-d9478eaf1965",
    "data": [
      {
        "text": "chao",
        "userDefined": false
      }
    ],
    "isTemplate": false,
    "count": 0,
    "lang": "es",
    "updated": 0
  }
]