[
  {
    "id": "2f77b278-eab2-413c-b708-cfbb7bcd48ad",
    "data": [
      {
        "text": "Mariscos",
        "userDefined": false
      }
    ],
    "isTemplate": false,
    "count": 0,
    "lang": "es",
    "updated": 0
  },
  {
    "id": "b3309335-613a-4b98-96ae-0642c7b9876e",
    "data": [
      {
        "text": "Salchichón",
        "userDefined": false
      }
    ],
    "isTemplate": false,
    "count": 0,
    "lang": "es",
    "updated": 0
  },
  {
    "id": "0105fd55-b4cf-4564-a00c-77f8f2403867",
    "data": [
      {
        "text": "Hambur",
        "userDefined": false
      }
    ],
    "isTemplate": false,
    "count": 0,
    "lang": "es",
    "updated": 0
  },
  {
    "id": "5f8375cf-2988-453b-b22c-09dfe1ec7844",
    "data": [
      {
        "text": "hasta la proxima",
        "userDefined": false
      }
    ],
    "isTemplate": false,
    "count": 0,
    "lang": "es",
    "updated": 0
  },
  {
    "id": "ce6e9daa-c34c-4a6b-946c-196d0191cc5f",
    "data": [
      {
        "text": "chao",
        "userDefined": false
      }
    ],
    "isTemplate": false,
    "count": 0,
    "lang": "es",
    "updated": 0
  },
  {
    "id": "389fe56a-59df-4eef-b840-a0b91ed4db03",
    "data": [
      {
        "text": "me voy a ir",
        "userDefined": false
      }
    ],
    "isTemplate": false,
    "count": 0,
    "lang": "es",
    "updated": 0
  }
]