[
  {
    "id": "7b2f3d4a-f1ca-4ee2-b30b-07abfa0442d8",
    "data": [
      {
        "text": "Especie",
        "userDefined": false
      }
    ],
    "isTemplate": false,
    "count": 0,
    "lang": "es",
    "updated": 0
  },
  {
    "id": "be7177ae-363f-41b1-910a-bf8808e202b5",
    "data": [
      {
        "text": "Fisico",
        "userDefined": false
      }
    ],
    "isTemplate": false,
    "count": 0,
    "lang": "es",
    "updated": 0
  },
  {
    "id": "188df8bd-4880-4b1d-8e31-1e2e3e9a67a7",
    "data": [
      {
        "text": "Tarjeta",
        "userDefined": false
      }
    ],
    "isTemplate": false,
    "count": 0,
    "lang": "es",
    "updated": 0
  }
]