[
  {
    "id": "64b627c2-fbb2-4a4e-94fe-3368362872e7",
    "data": [
      {
        "text": "Vemos",
        "userDefined": false
      }
    ],
    "isTemplate": false,
    "count": 0,
    "lang": "es",
    "updated": 0
  },
  {
    "id": "c7ad75cc-58fa-482d-8d8d-9e711f1c2da1",
    "data": [
      {
        "text": "No me ofrezca",
        "userDefined": false
      }
    ],
    "isTemplate": false,
    "count": 0,
    "lang": "es",
    "updated": 0
  },
  {
    "id": "e2f49ebb-aa0d-4738-bf80-089fda16753d",
    "data": [
      {
        "text": "No quiero",
        "userDefined": false
      }
    ],
    "isTemplate": false,
    "count": 0,
    "lang": "es",
    "updated": 0
  },
  {
    "id": "dd348e17-564f-442d-aba6-8c4a04729861",
    "data": [
      {
        "text": "No",
        "userDefined": false
      }
    ],
    "isTemplate": false,
    "count": 0,
    "lang": "es",
    "updated": 0
  }
]